test_loss,test_model_preparation_time,test_f1,test_precision,test_recall,test_threshold,test_sim_ratio,test_pos_sim,test_neg_sim,test_runtime,test_samples_per_second,test_steps_per_second
3.7590300921419955,0.002207494125186926,0.8310962144840846,0.7808924845118564,0.9054883614612262,0.6552419091539234,1.7490851057466354,0.8211273232215339,0.5251465456099124,163.52938793420208,118.4741706900235,7.413466096987823
