test_loss,test_model_preparation_time,test_f1,test_precision,test_recall,test_threshold,test_sim_ratio,test_pos_sim,test_neg_sim,test_runtime,test_samples_per_second,test_steps_per_second
3.647559467601715,0.0020042042298654135,0.8770377483443709,0.8510306173894466,0.9067184746848964,0.7474835669884847,1.553533394573809,0.8758956077761162,0.5716184362315744,163.45534749839777,118.42399260841701,7.410305319376201
