test_loss,test_model_preparation_time,test_f1,test_precision,test_recall,test_threshold,test_sim_ratio,test_pos_sim,test_neg_sim,test_runtime,test_samples_per_second,test_steps_per_second
3.827438230673438,0.004390690023499252,0.8874711856440931,0.8609843580431533,0.9166137406537065,0.7082563409385608,1.718878128604999,0.8608409143345439,0.5094732920316172,184.730158619953,104.72151057466354,6.552529801324503
