test_loss,test_model_preparation_time,test_f1,test_precision,test_recall,test_threshold,test_sim_ratio,test_pos_sim,test_neg_sim,test_runtime,test_samples_per_second,test_steps_per_second
3.3086913457820364,0.002128998077333903,0.7347118051698355,0.6441173552659688,0.8688682119205298,0.7264136434976577,1.1871878017517623,0.8351093655201879,0.7093090237128818,163.22567145908994,118.61725225379192,7.422336295663319
