test_loss,test_model_preparation_time,test_f1,test_precision,test_recall,test_threshold,test_sim_ratio,test_pos_sim,test_neg_sim,test_runtime,test_samples_per_second,test_steps_per_second
4.486145668726552,0.002064349497970519,0.7458199230933561,0.6596478273873103,0.8636828327280496,0.6668880939101643,1.3775362529374067,0.8152075582140568,0.6160777526169622,163.3271379235206,118.56683012176887,7.418977013458663
