test_loss,test_model_preparation_time,test_f1,test_precision,test_recall,test_threshold,test_sim_ratio,test_pos_sim,test_neg_sim,test_runtime,test_samples_per_second,test_steps_per_second
4.22636745265854,0.002035889767143773,0.7132060328989531,0.6199829139072847,0.8525896176030763,0.5719261928963065,1.2613656056398206,0.7257768382824182,0.5780748814355906,163.19101139500108,118.63540512710958,7.42344904934843
