test_loss,test_model_preparation_time,test_f1,test_precision,test_recall,test_threshold,test_sim_ratio,test_pos_sim,test_neg_sim,test_runtime,test_samples_per_second,test_steps_per_second
3.2556888572682277,0.002226823328348643,0.7701570134586627,0.7042365562913907,0.8626151719718008,0.725823324450161,1.3705499508651997,0.8414786883144626,0.6601528775902585,163.49373652211065,118.46260734885708,7.412719333475753
